<PAMDataset>
  <PAMRasterBand band="1">
    <GDALRasterAttributeTable tableType="thematic">
      <FieldDefn index="0">
        <Name>min</Name>
        <Type>1</Type>
        <Usage>3</Usage>
      </FieldDefn>
      <FieldDefn index="1">
        <Name>max</Name>
        <Type>1</Type>
        <Usage>4</Usage>
      </FieldDefn>
      <FieldDefn index="2">
        <Name>redmin</Name>
        <Type>0</Type>
        <Usage>10</Usage>
      </FieldDefn>
      <FieldDefn index="3">
        <Name>redmax</Name>
        <Type>0</Type>
        <Usage>14</Usage>
      </FieldDefn>
      <FieldDefn index="4">
        <Name>greenmin</Name>
        <Type>0</Type>
        <Usage>11</Usage>
      </FieldDefn>
      <FieldDefn index="5">
        <Name>greenmax</Name>
        <Type>0</Type>
        <Usage>15</Usage>
      </FieldDefn>
      <FieldDefn index="6">
        <Name>bluemin</Name>
        <Type>0</Type>
        <Usage>12</Usage>
      </FieldDefn>
      <FieldDefn index="7">
        <Name>bluemax</Name>
        <Type>0</Type>
        <Usage>16</Usage>
      </FieldDefn>
      <Row index="0">
        <F>-39169090.5700062</F>
        <F>-31211954.63999709</F>
        <F>251</F>
        <F>253</F>
        <F>231</F>
        <F>231</F>
        <F>35</F>
        <F>37</F>
      </Row>
      <Row index="1">
        <F>-47126226.50001561</F>
        <F>-39169090.5700062</F>
        <F>248</F>
        <F>251</F>
        <F>230</F>
        <F>231</F>
        <F>33</F>
        <F>35</F>
      </Row>
      <Row index="2">
        <F>-55083362.43002472</F>
        <F>-47126226.50001561</F>
        <F>246</F>
        <F>248</F>
        <F>230</F>
        <F>230</F>
        <F>32</F>
        <F>33</F>
      </Row>
      <Row index="3">
        <F>-63060797.17618192</F>
        <F>-55083362.43002472</F>
        <F>244</F>
        <F>246</F>
        <F>230</F>
        <F>230</F>
        <F>30</F>
        <F>32</F>
      </Row>
      <Row index="4">
        <F>-71017933.10619104</F>
        <F>-63060797.17618192</F>
        <F>241</F>
        <F>244</F>
        <F>229</F>
        <F>230</F>
        <F>29</F>
        <F>30</F>
      </Row>
      <Row index="5">
        <F>-78975069.03620015</F>
        <F>-71017933.10619104</F>
        <F>239</F>
        <F>241</F>
        <F>229</F>
        <F>229</F>
        <F>28</F>
        <F>29</F>
      </Row>
      <Row index="6">
        <F>-86932204.96620955</F>
        <F>-78975069.03620015</F>
        <F>236</F>
        <F>239</F>
        <F>229</F>
        <F>229</F>
        <F>27</F>
        <F>28</F>
      </Row>
      <Row index="7">
        <F>-94889340.89621867</F>
        <F>-86932204.96620955</F>
        <F>234</F>
        <F>236</F>
        <F>229</F>
        <F>229</F>
        <F>26</F>
        <F>27</F>
      </Row>
      <Row index="8">
        <F>-102846476.8262278</F>
        <F>-94889340.89621867</F>
        <F>231</F>
        <F>234</F>
        <F>228</F>
        <F>229</F>
        <F>25</F>
        <F>26</F>
      </Row>
      <Row index="9">
        <F>-110823911.572385</F>
        <F>-102846476.8262278</F>
        <F>229</F>
        <F>231</F>
        <F>228</F>
        <F>228</F>
        <F>25</F>
        <F>25</F>
      </Row>
      <Row index="10">
        <F>-118781047.5023941</F>
        <F>-110823911.572385</F>
        <F>226</F>
        <F>229</F>
        <F>228</F>
        <F>228</F>
        <F>24</F>
        <F>25</F>
      </Row>
      <Row index="11">
        <F>-126738183.4324035</F>
        <F>-118781047.5023941</F>
        <F>223</F>
        <F>226</F>
        <F>227</F>
        <F>228</F>
        <F>24</F>
        <F>24</F>
      </Row>
      <Row index="12">
        <F>-134695319.3624126</F>
        <F>-126738183.4324035</F>
        <F>221</F>
        <F>223</F>
        <F>227</F>
        <F>227</F>
        <F>24</F>
        <F>24</F>
      </Row>
      <Row index="13">
        <F>-142652455.2924217</F>
        <F>-134695319.3624126</F>
        <F>218</F>
        <F>221</F>
        <F>227</F>
        <F>227</F>
        <F>25</F>
        <F>24</F>
      </Row>
      <Row index="14">
        <F>-150609591.2224311</F>
        <F>-142652455.2924217</F>
        <F>216</F>
        <F>218</F>
        <F>226</F>
        <F>227</F>
        <F>25</F>
        <F>25</F>
      </Row>
      <Row index="15">
        <F>-158587025.9685883</F>
        <F>-150609591.2224311</F>
        <F>213</F>
        <F>216</F>
        <F>226</F>
        <F>226</F>
        <F>26</F>
        <F>25</F>
      </Row>
      <Row index="16">
        <F>-166544161.8985974</F>
        <F>-158587025.9685883</F>
        <F>210</F>
        <F>213</F>
        <F>226</F>
        <F>226</F>
        <F>27</F>
        <F>26</F>
      </Row>
      <Row index="17">
        <F>-174501297.8286065</F>
        <F>-166544161.8985974</F>
        <F>208</F>
        <F>210</F>
        <F>225</F>
        <F>226</F>
        <F>28</F>
        <F>27</F>
      </Row>
      <Row index="18">
        <F>-182458433.7586157</F>
        <F>-174501297.8286065</F>
        <F>205</F>
        <F>208</F>
        <F>225</F>
        <F>225</F>
        <F>29</F>
        <F>28</F>
      </Row>
      <Row index="19">
        <F>-190415569.6886251</F>
        <F>-182458433.7586157</F>
        <F>202</F>
        <F>205</F>
        <F>225</F>
        <F>225</F>
        <F>31</F>
        <F>29</F>
      </Row>
      <Row index="20">
        <F>-198372705.6186342</F>
        <F>-190415569.6886251</F>
        <F>200</F>
        <F>202</F>
        <F>224</F>
        <F>225</F>
        <F>32</F>
        <F>31</F>
      </Row>
      <Row index="21">
        <F>-206329841.5486433</F>
        <F>-198372705.6186342</F>
        <F>197</F>
        <F>200</F>
        <F>224</F>
        <F>224</F>
        <F>33</F>
        <F>32</F>
      </Row>
      <Row index="22">
        <F>-214307276.2948005</F>
        <F>-206329841.5486433</F>
        <F>194</F>
        <F>197</F>
        <F>223</F>
        <F>224</F>
        <F>35</F>
        <F>33</F>
      </Row>
      <Row index="23">
        <F>-222264412.2248099</F>
        <F>-214307276.2948005</F>
        <F>192</F>
        <F>194</F>
        <F>223</F>
        <F>223</F>
        <F>37</F>
        <F>35</F>
      </Row>
      <Row index="24">
        <F>-230221548.154819</F>
        <F>-222264412.2248099</F>
        <F>189</F>
        <F>192</F>
        <F>223</F>
        <F>223</F>
        <F>38</F>
        <F>37</F>
      </Row>
      <Row index="25">
        <F>-238178684.0848281</F>
        <F>-230221548.154819</F>
        <F>186</F>
        <F>189</F>
        <F>222</F>
        <F>223</F>
        <F>40</F>
        <F>38</F>
      </Row>
      <Row index="26">
        <F>-246135820.0148373</F>
        <F>-238178684.0848281</F>
        <F>184</F>
        <F>186</F>
        <F>222</F>
        <F>222</F>
        <F>41</F>
        <F>40</F>
      </Row>
      <Row index="27">
        <F>-254092955.9448467</F>
        <F>-246135820.0148373</F>
        <F>181</F>
        <F>184</F>
        <F>222</F>
        <F>222</F>
        <F>43</F>
        <F>41</F>
      </Row>
      <Row index="28">
        <F>-262070390.6910039</F>
        <F>-254092955.9448467</F>
        <F>178</F>
        <F>181</F>
        <F>221</F>
        <F>222</F>
        <F>45</F>
        <F>43</F>
      </Row>
      <Row index="29">
        <F>-270027526.621013</F>
        <F>-262070390.6910039</F>
        <F>176</F>
        <F>178</F>
        <F>221</F>
        <F>221</F>
        <F>47</F>
        <F>45</F>
      </Row>
      <Row index="30">
        <F>-277984662.5510221</F>
        <F>-270027526.621013</F>
        <F>173</F>
        <F>176</F>
        <F>220</F>
        <F>221</F>
        <F>48</F>
        <F>47</F>
      </Row>
      <Row index="31">
        <F>-285941798.4810315</F>
        <F>-277984662.5510221</F>
        <F>170</F>
        <F>173</F>
        <F>220</F>
        <F>220</F>
        <F>50</F>
        <F>48</F>
      </Row>
      <Row index="32">
        <F>-293898934.4110406</F>
        <F>-285941798.4810315</F>
        <F>168</F>
        <F>170</F>
        <F>219</F>
        <F>220</F>
        <F>52</F>
        <F>50</F>
      </Row>
      <Row index="33">
        <F>-301856070.3410497</F>
        <F>-293898934.4110406</F>
        <F>165</F>
        <F>168</F>
        <F>219</F>
        <F>219</F>
        <F>54</F>
        <F>52</F>
      </Row>
      <Row index="34">
        <F>-309813206.2710589</F>
        <F>-301856070.3410497</F>
        <F>162</F>
        <F>165</F>
        <F>218</F>
        <F>219</F>
        <F>55</F>
        <F>54</F>
      </Row>
      <Row index="35">
        <F>-317790641.017216</F>
        <F>-309813206.2710589</F>
        <F>160</F>
        <F>162</F>
        <F>218</F>
        <F>218</F>
        <F>57</F>
        <F>55</F>
      </Row>
      <Row index="36">
        <F>-325747776.9472255</F>
        <F>-317790641.017216</F>
        <F>157</F>
        <F>160</F>
        <F>217</F>
        <F>218</F>
        <F>59</F>
        <F>57</F>
      </Row>
      <Row index="37">
        <F>-333704912.8772345</F>
        <F>-325747776.9472255</F>
        <F>155</F>
        <F>157</F>
        <F>217</F>
        <F>217</F>
        <F>60</F>
        <F>59</F>
      </Row>
      <Row index="38">
        <F>-341662048.8072436</F>
        <F>-333704912.8772345</F>
        <F>152</F>
        <F>155</F>
        <F>216</F>
        <F>217</F>
        <F>62</F>
        <F>60</F>
      </Row>
      <Row index="39">
        <F>-349619184.7372531</F>
        <F>-341662048.8072436</F>
        <F>149</F>
        <F>152</F>
        <F>216</F>
        <F>216</F>
        <F>64</F>
        <F>62</F>
      </Row>
      <Row index="40">
        <F>-357576320.6672622</F>
        <F>-349619184.7372531</F>
        <F>147</F>
        <F>149</F>
        <F>215</F>
        <F>216</F>
        <F>65</F>
        <F>64</F>
      </Row>
      <Row index="41">
        <F>-365553755.4134194</F>
        <F>-357576320.6672622</F>
        <F>144</F>
        <F>147</F>
        <F>215</F>
        <F>215</F>
        <F>67</F>
        <F>65</F>
      </Row>
      <Row index="42">
        <F>-373510891.3434285</F>
        <F>-365553755.4134194</F>
        <F>142</F>
        <F>144</F>
        <F>214</F>
        <F>215</F>
        <F>69</F>
        <F>67</F>
      </Row>
      <Row index="43">
        <F>-381468027.2734376</F>
        <F>-373510891.3434285</F>
        <F>139</F>
        <F>142</F>
        <F>214</F>
        <F>214</F>
        <F>70</F>
        <F>69</F>
      </Row>
      <Row index="44">
        <F>-389425163.203447</F>
        <F>-381468027.2734376</F>
        <F>137</F>
        <F>139</F>
        <F>213</F>
        <F>214</F>
        <F>72</F>
        <F>70</F>
      </Row>
      <Row index="45">
        <F>-397382299.1334561</F>
        <F>-389425163.203447</F>
        <F>134</F>
        <F>137</F>
        <F>213</F>
        <F>213</F>
        <F>73</F>
        <F>72</F>
      </Row>
      <Row index="46">
        <F>-405339435.0634652</F>
        <F>-397382299.1334561</F>
        <F>132</F>
        <F>134</F>
        <F>212</F>
        <F>213</F>
        <F>75</F>
        <F>73</F>
      </Row>
      <Row index="47">
        <F>-413316869.8096224</F>
        <F>-405339435.0634652</F>
        <F>129</F>
        <F>132</F>
        <F>211</F>
        <F>212</F>
        <F>77</F>
        <F>75</F>
      </Row>
      <Row index="48">
        <F>-421274005.7396315</F>
        <F>-413316869.8096224</F>
        <F>127</F>
        <F>129</F>
        <F>211</F>
        <F>211</F>
        <F>78</F>
        <F>77</F>
      </Row>
      <Row index="49">
        <F>-429231141.669641</F>
        <F>-421274005.7396315</F>
        <F>124</F>
        <F>127</F>
        <F>210</F>
        <F>211</F>
        <F>80</F>
        <F>78</F>
      </Row>
      <Row index="50">
        <F>-437188277.5996501</F>
        <F>-429231141.669641</F>
        <F>122</F>
        <F>124</F>
        <F>209</F>
        <F>210</F>
        <F>81</F>
        <F>80</F>
      </Row>
      <Row index="51">
        <F>-445145413.5296592</F>
        <F>-437188277.5996501</F>
        <F>119</F>
        <F>122</F>
        <F>209</F>
        <F>209</F>
        <F>83</F>
        <F>81</F>
      </Row>
      <Row index="52">
        <F>-453102549.4596686</F>
        <F>-445145413.5296592</F>
        <F>117</F>
        <F>119</F>
        <F>208</F>
        <F>209</F>
        <F>84</F>
        <F>83</F>
      </Row>
      <Row index="53">
        <F>-461059685.3896777</F>
        <F>-453102549.4596686</F>
        <F>115</F>
        <F>117</F>
        <F>208</F>
        <F>208</F>
        <F>86</F>
        <F>84</F>
      </Row>
      <Row index="54">
        <F>-469037120.1358349</F>
        <F>-461059685.3896777</F>
        <F>112</F>
        <F>115</F>
        <F>207</F>
        <F>208</F>
        <F>87</F>
        <F>86</F>
      </Row>
      <Row index="55">
        <F>-476994256.065844</F>
        <F>-469037120.1358349</F>
        <F>110</F>
        <F>112</F>
        <F>206</F>
        <F>207</F>
        <F>88</F>
        <F>87</F>
      </Row>
      <Row index="56">
        <F>-484951391.9958531</F>
        <F>-476994256.065844</F>
        <F>108</F>
        <F>110</F>
        <F>205</F>
        <F>206</F>
        <F>90</F>
        <F>88</F>
      </Row>
      <Row index="57">
        <F>-492908527.9258626</F>
        <F>-484951391.9958531</F>
        <F>105</F>
        <F>108</F>
        <F>205</F>
        <F>205</F>
        <F>91</F>
        <F>90</F>
      </Row>
      <Row index="58">
        <F>-500865663.8558716</F>
        <F>-492908527.9258626</F>
        <F>103</F>
        <F>105</F>
        <F>204</F>
        <F>205</F>
        <F>92</F>
        <F>91</F>
      </Row>
      <Row index="59">
        <F>-508822799.7858807</F>
        <F>-500865663.8558716</F>
        <F>101</F>
        <F>103</F>
        <F>203</F>
        <F>204</F>
        <F>94</F>
        <F>92</F>
      </Row>
      <Row index="60">
        <F>-516800234.532038</F>
        <F>-508822799.7858807</F>
        <F>99</F>
        <F>101</F>
        <F>203</F>
        <F>203</F>
        <F>95</F>
        <F>94</F>
      </Row>
      <Row index="61">
        <F>-524757370.4620471</F>
        <F>-516800234.532038</F>
        <F>96</F>
        <F>99</F>
        <F>202</F>
        <F>203</F>
        <F>96</F>
        <F>95</F>
      </Row>
      <Row index="62">
        <F>-532714506.3920565</F>
        <F>-524757370.4620471</F>
        <F>94</F>
        <F>96</F>
        <F>201</F>
        <F>202</F>
        <F>98</F>
        <F>96</F>
      </Row>
      <Row index="63">
        <F>-540671642.3220656</F>
        <F>-532714506.3920565</F>
        <F>92</F>
        <F>94</F>
        <F>200</F>
        <F>201</F>
        <F>99</F>
        <F>98</F>
      </Row>
      <Row index="64">
        <F>-548628778.2520747</F>
        <F>-540671642.3220656</F>
        <F>90</F>
        <F>92</F>
        <F>200</F>
        <F>200</F>
        <F>100</F>
        <F>99</F>
      </Row>
      <Row index="65">
        <F>-556585914.1820841</F>
        <F>-548628778.2520747</F>
        <F>88</F>
        <F>90</F>
        <F>199</F>
        <F>200</F>
        <F>101</F>
        <F>100</F>
      </Row>
      <Row index="66">
        <F>-564563348.9282413</F>
        <F>-556585914.1820841</F>
        <F>86</F>
        <F>88</F>
        <F>198</F>
        <F>199</F>
        <F>103</F>
        <F>101</F>
      </Row>
      <Row index="67">
        <F>-572520484.8582504</F>
        <F>-564563348.9282413</F>
        <F>84</F>
        <F>86</F>
        <F>197</F>
        <F>198</F>
        <F>104</F>
        <F>103</F>
      </Row>
      <Row index="68">
        <F>-580477620.7882595</F>
        <F>-572520484.8582504</F>
        <F>82</F>
        <F>84</F>
        <F>197</F>
        <F>197</F>
        <F>105</F>
        <F>104</F>
      </Row>
      <Row index="69">
        <F>-588434756.7182686</F>
        <F>-580477620.7882595</F>
        <F>80</F>
        <F>82</F>
        <F>196</F>
        <F>197</F>
        <F>106</F>
        <F>105</F>
      </Row>
      <Row index="70">
        <F>-596391892.648278</F>
        <F>-588434756.7182686</F>
        <F>78</F>
        <F>80</F>
        <F>195</F>
        <F>196</F>
        <F>107</F>
        <F>106</F>
      </Row>
      <Row index="71">
        <F>-604349028.5782871</F>
        <F>-596391892.648278</F>
        <F>76</F>
        <F>78</F>
        <F>194</F>
        <F>195</F>
        <F>108</F>
        <F>107</F>
      </Row>
      <Row index="72">
        <F>-612306164.5082963</F>
        <F>-604349028.5782871</F>
        <F>74</F>
        <F>76</F>
        <F>193</F>
        <F>194</F>
        <F>109</F>
        <F>108</F>
      </Row>
      <Row index="73">
        <F>-620283599.2544534</F>
        <F>-612306164.5082963</F>
        <F>72</F>
        <F>74</F>
        <F>193</F>
        <F>193</F>
        <F>110</F>
        <F>109</F>
      </Row>
      <Row index="74">
        <F>-628240735.1844629</F>
        <F>-620283599.2544534</F>
        <F>70</F>
        <F>72</F>
        <F>192</F>
        <F>193</F>
        <F>111</F>
        <F>110</F>
      </Row>
      <Row index="75">
        <F>-636197871.114472</F>
        <F>-628240735.1844629</F>
        <F>68</F>
        <F>70</F>
        <F>191</F>
        <F>192</F>
        <F>112</F>
        <F>111</F>
      </Row>
      <Row index="76">
        <F>-644155007.0444812</F>
        <F>-636197871.114472</F>
        <F>66</F>
        <F>68</F>
        <F>190</F>
        <F>191</F>
        <F>113</F>
        <F>112</F>
      </Row>
      <Row index="77">
        <F>-652112142.9744903</F>
        <F>-644155007.0444812</F>
        <F>64</F>
        <F>66</F>
        <F>189</F>
        <F>190</F>
        <F>114</F>
        <F>113</F>
      </Row>
      <Row index="78">
        <F>-660069278.9044997</F>
        <F>-652112142.9744903</F>
        <F>63</F>
        <F>64</F>
        <F>188</F>
        <F>189</F>
        <F>115</F>
        <F>114</F>
      </Row>
      <Row index="79">
        <F>-668046713.6506568</F>
        <F>-660069278.9044997</F>
        <F>61</F>
        <F>63</F>
        <F>188</F>
        <F>188</F>
        <F>116</F>
        <F>115</F>
      </Row>
      <Row index="80">
        <F>-676003849.5806659</F>
        <F>-668046713.6506568</F>
        <F>59</F>
        <F>61</F>
        <F>187</F>
        <F>188</F>
        <F>117</F>
        <F>116</F>
      </Row>
      <Row index="81">
        <F>-683960985.5106751</F>
        <F>-676003849.5806659</F>
        <F>58</F>
        <F>59</F>
        <F>186</F>
        <F>187</F>
        <F>118</F>
        <F>117</F>
      </Row>
      <Row index="82">
        <F>-691918121.4406844</F>
        <F>-683960985.5106751</F>
        <F>56</F>
        <F>58</F>
        <F>185</F>
        <F>186</F>
        <F>119</F>
        <F>118</F>
      </Row>
      <Row index="83">
        <F>-699875257.3706936</F>
        <F>-691918121.4406844</F>
        <F>55</F>
        <F>56</F>
        <F>184</F>
        <F>185</F>
        <F>120</F>
        <F>119</F>
      </Row>
      <Row index="84">
        <F>-707832393.3007027</F>
        <F>-699875257.3706936</F>
        <F>53</F>
        <F>55</F>
        <F>183</F>
        <F>184</F>
        <F>121</F>
        <F>120</F>
      </Row>
      <Row index="85">
        <F>-715789529.2307118</F>
        <F>-707832393.3007027</F>
        <F>52</F>
        <F>53</F>
        <F>182</F>
        <F>183</F>
        <F>121</F>
        <F>121</F>
      </Row>
      <Row index="86">
        <F>-723766963.976869</F>
        <F>-715789529.2307118</F>
        <F>50</F>
        <F>52</F>
        <F>182</F>
        <F>182</F>
        <F>122</F>
        <F>121</F>
      </Row>
      <Row index="87">
        <F>-731724099.9068784</F>
        <F>-723766963.976869</F>
        <F>49</F>
        <F>50</F>
        <F>181</F>
        <F>182</F>
        <F>123</F>
        <F>122</F>
      </Row>
      <Row index="88">
        <F>-739681235.8368875</F>
        <F>-731724099.9068784</F>
        <F>47</F>
        <F>49</F>
        <F>180</F>
        <F>181</F>
        <F>124</F>
        <F>123</F>
      </Row>
      <Row index="89">
        <F>-747638371.7668966</F>
        <F>-739681235.8368875</F>
        <F>46</F>
        <F>47</F>
        <F>179</F>
        <F>180</F>
        <F>124</F>
        <F>124</F>
      </Row>
      <Row index="90">
        <F>-755595507.6969061</F>
        <F>-747638371.7668966</F>
        <F>45</F>
        <F>46</F>
        <F>178</F>
        <F>179</F>
        <F>125</F>
        <F>124</F>
      </Row>
      <Row index="91">
        <F>-763552643.6269152</F>
        <F>-755595507.6969061</F>
        <F>44</F>
        <F>45</F>
        <F>177</F>
        <F>178</F>
        <F>126</F>
        <F>125</F>
      </Row>
      <Row index="92">
        <F>-771530078.3730723</F>
        <F>-763552643.6269152</F>
        <F>42</F>
        <F>44</F>
        <F>176</F>
        <F>177</F>
        <F>127</F>
        <F>126</F>
      </Row>
      <Row index="93">
        <F>-779487214.3030815</F>
        <F>-771530078.3730723</F>
        <F>41</F>
        <F>42</F>
        <F>175</F>
        <F>176</F>
        <F>127</F>
        <F>127</F>
      </Row>
      <Row index="94">
        <F>-787444350.2330908</F>
        <F>-779487214.3030815</F>
        <F>40</F>
        <F>41</F>
        <F>174</F>
        <F>175</F>
        <F>128</F>
        <F>127</F>
      </Row>
      <Row index="95">
        <F>-795401486.1630999</F>
        <F>-787444350.2330908</F>
        <F>39</F>
        <F>40</F>
        <F>173</F>
        <F>174</F>
        <F>129</F>
        <F>128</F>
      </Row>
      <Row index="96">
        <F>-803358622.0931091</F>
        <F>-795401486.1630999</F>
        <F>38</F>
        <F>39</F>
        <F>173</F>
        <F>173</F>
        <F>129</F>
        <F>129</F>
      </Row>
      <Row index="97">
        <F>-811315758.0231183</F>
        <F>-803358622.0931091</F>
        <F>37</F>
        <F>38</F>
        <F>172</F>
        <F>173</F>
        <F>130</F>
        <F>129</F>
      </Row>
      <Row index="98">
        <F>-819293192.7692754</F>
        <F>-811315758.0231183</F>
        <F>37</F>
        <F>37</F>
        <F>171</F>
        <F>172</F>
        <F>130</F>
        <F>130</F>
      </Row>
      <Row index="99">
        <F>-827250328.6992847</F>
        <F>-819293192.7692754</F>
        <F>36</F>
        <F>37</F>
        <F>170</F>
        <F>171</F>
        <F>131</F>
        <F>130</F>
      </Row>
      <Row index="100">
        <F>-835207464.6292938</F>
        <F>-827250328.6992847</F>
        <F>35</F>
        <F>36</F>
        <F>169</F>
        <F>170</F>
        <F>131</F>
        <F>131</F>
      </Row>
      <Row index="101">
        <F>-843164600.559303</F>
        <F>-835207464.6292938</F>
        <F>34</F>
        <F>35</F>
        <F>168</F>
        <F>169</F>
        <F>132</F>
        <F>131</F>
      </Row>
      <Row index="102">
        <F>-851121736.4893123</F>
        <F>-843164600.559303</F>
        <F>34</F>
        <F>34</F>
        <F>167</F>
        <F>168</F>
        <F>133</F>
        <F>132</F>
      </Row>
      <Row index="103">
        <F>-859078872.4193214</F>
        <F>-851121736.4893123</F>
        <F>33</F>
        <F>34</F>
        <F>166</F>
        <F>167</F>
        <F>133</F>
        <F>133</F>
      </Row>
      <Row index="104">
        <F>-867036008.3493307</F>
        <F>-859078872.4193214</F>
        <F>33</F>
        <F>33</F>
        <F>165</F>
        <F>166</F>
        <F>133</F>
        <F>133</F>
      </Row>
      <Row index="105">
        <F>-875013443.0954878</F>
        <F>-867036008.3493307</F>
        <F>32</F>
        <F>33</F>
        <F>164</F>
        <F>165</F>
        <F>134</F>
        <F>133</F>
      </Row>
      <Row index="106">
        <F>-882970579.025497</F>
        <F>-875013443.0954878</F>
        <F>32</F>
        <F>32</F>
        <F>163</F>
        <F>164</F>
        <F>134</F>
        <F>134</F>
      </Row>
      <Row index="107">
        <F>-890927714.9555062</F>
        <F>-882970579.025497</F>
        <F>31</F>
        <F>32</F>
        <F>162</F>
        <F>163</F>
        <F>135</F>
        <F>134</F>
      </Row>
      <Row index="108">
        <F>-898884850.8855153</F>
        <F>-890927714.9555062</F>
        <F>31</F>
        <F>31</F>
        <F>161</F>
        <F>162</F>
        <F>135</F>
        <F>135</F>
      </Row>
      <Row index="109">
        <F>-906841986.8155246</F>
        <F>-898884850.8855153</F>
        <F>31</F>
        <F>31</F>
        <F>161</F>
        <F>161</F>
        <F>136</F>
        <F>135</F>
      </Row>
      <Row index="110">
        <F>-914799122.7455339</F>
        <F>-906841986.8155246</F>
        <F>31</F>
        <F>31</F>
        <F>160</F>
        <F>161</F>
        <F>136</F>
        <F>136</F>
      </Row>
      <Row index="111">
        <F>-922776557.491691</F>
        <F>-914799122.7455339</F>
        <F>31</F>
        <F>31</F>
        <F>159</F>
        <F>160</F>
        <F>136</F>
        <F>136</F>
      </Row>
      <Row index="112">
        <F>-930733693.4217002</F>
        <F>-922776557.491691</F>
        <F>31</F>
        <F>31</F>
        <F>158</F>
        <F>159</F>
        <F>137</F>
        <F>136</F>
      </Row>
      <Row index="113">
        <F>-938690829.3517095</F>
        <F>-930733693.4217002</F>
        <F>30</F>
        <F>31</F>
        <F>157</F>
        <F>158</F>
        <F>137</F>
        <F>137</F>
      </Row>
      <Row index="114">
        <F>-946647965.2817186</F>
        <F>-938690829.3517095</F>
        <F>30</F>
        <F>30</F>
        <F>156</F>
        <F>157</F>
        <F>137</F>
        <F>137</F>
      </Row>
      <Row index="115">
        <F>-954605101.2117279</F>
        <F>-946647965.2817186</F>
        <F>30</F>
        <F>30</F>
        <F>155</F>
        <F>156</F>
        <F>138</F>
        <F>137</F>
      </Row>
      <Row index="116">
        <F>-962562237.141737</F>
        <F>-954605101.2117279</F>
        <F>31</F>
        <F>30</F>
        <F>154</F>
        <F>155</F>
        <F>138</F>
        <F>138</F>
      </Row>
      <Row index="117">
        <F>-970539671.8878942</F>
        <F>-962562237.141737</F>
        <F>31</F>
        <F>31</F>
        <F>153</F>
        <F>154</F>
        <F>138</F>
        <F>138</F>
      </Row>
      <Row index="118">
        <F>-978496807.8179034</F>
        <F>-970539671.8878942</F>
        <F>31</F>
        <F>31</F>
        <F>152</F>
        <F>153</F>
        <F>139</F>
        <F>138</F>
      </Row>
      <Row index="119">
        <F>-986453943.7479125</F>
        <F>-978496807.8179034</F>
        <F>31</F>
        <F>31</F>
        <F>151</F>
        <F>152</F>
        <F>139</F>
        <F>139</F>
      </Row>
      <Row index="120">
        <F>-994411079.6779218</F>
        <F>-986453943.7479125</F>
        <F>31</F>
        <F>31</F>
        <F>150</F>
        <F>151</F>
        <F>139</F>
        <F>139</F>
      </Row>
      <Row index="121">
        <F>-1002368215.607931</F>
        <F>-994411079.6779218</F>
        <F>31</F>
        <F>31</F>
        <F>149</F>
        <F>150</F>
        <F>139</F>
        <F>139</F>
      </Row>
      <Row index="122">
        <F>-1010325351.53794</F>
        <F>-1002368215.607931</F>
        <F>31</F>
        <F>31</F>
        <F>148</F>
        <F>149</F>
        <F>140</F>
        <F>139</F>
      </Row>
      <Row index="123">
        <F>-1018282487.467949</F>
        <F>-1010325351.53794</F>
        <F>32</F>
        <F>31</F>
        <F>147</F>
        <F>148</F>
        <F>140</F>
        <F>140</F>
      </Row>
      <Row index="124">
        <F>-1026259922.214107</F>
        <F>-1018282487.467949</F>
        <F>32</F>
        <F>32</F>
        <F>146</F>
        <F>147</F>
        <F>140</F>
        <F>140</F>
      </Row>
      <Row index="125">
        <F>-1034217058.144116</F>
        <F>-1026259922.214107</F>
        <F>32</F>
        <F>32</F>
        <F>146</F>
        <F>146</F>
        <F>140</F>
        <F>140</F>
      </Row>
      <Row index="126">
        <F>-1042174194.074125</F>
        <F>-1034217058.144116</F>
        <F>33</F>
        <F>32</F>
        <F>145</F>
        <F>146</F>
        <F>140</F>
        <F>140</F>
      </Row>
      <Row index="127">
        <F>-1050131330.004134</F>
        <F>-1042174194.074125</F>
        <F>33</F>
        <F>33</F>
        <F>144</F>
        <F>145</F>
        <F>141</F>
        <F>140</F>
      </Row>
      <Row index="128">
        <F>-1058088465.934143</F>
        <F>-1050131330.004134</F>
        <F>33</F>
        <F>33</F>
        <F>143</F>
        <F>144</F>
        <F>141</F>
        <F>141</F>
      </Row>
      <Row index="129">
        <F>-1066045601.864152</F>
        <F>-1058088465.934143</F>
        <F>33</F>
        <F>33</F>
        <F>142</F>
        <F>143</F>
        <F>141</F>
        <F>141</F>
      </Row>
      <Row index="130">
        <F>-1074023036.61031</F>
        <F>-1066045601.864152</F>
        <F>34</F>
        <F>33</F>
        <F>141</F>
        <F>142</F>
        <F>141</F>
        <F>141</F>
      </Row>
      <Row index="131">
        <F>-1081980172.540319</F>
        <F>-1074023036.61031</F>
        <F>34</F>
        <F>34</F>
        <F>140</F>
        <F>141</F>
        <F>141</F>
        <F>141</F>
      </Row>
      <Row index="132">
        <F>-1089937308.470328</F>
        <F>-1081980172.540319</F>
        <F>34</F>
        <F>34</F>
        <F>139</F>
        <F>140</F>
        <F>141</F>
        <F>141</F>
      </Row>
      <Row index="133">
        <F>-1097894444.400337</F>
        <F>-1089937308.470328</F>
        <F>35</F>
        <F>34</F>
        <F>138</F>
        <F>139</F>
        <F>141</F>
        <F>141</F>
      </Row>
      <Row index="134">
        <F>-1105851580.330347</F>
        <F>-1097894444.400337</F>
        <F>35</F>
        <F>35</F>
        <F>137</F>
        <F>138</F>
        <F>142</F>
        <F>141</F>
      </Row>
      <Row index="135">
        <F>-1113808716.260356</F>
        <F>-1105851580.330347</F>
        <F>35</F>
        <F>35</F>
        <F>136</F>
        <F>137</F>
        <F>142</F>
        <F>142</F>
      </Row>
      <Row index="136">
        <F>-1121765852.190365</F>
        <F>-1113808716.260356</F>
        <F>36</F>
        <F>35</F>
        <F>135</F>
        <F>136</F>
        <F>142</F>
        <F>142</F>
      </Row>
      <Row index="137">
        <F>-1129743286.936522</F>
        <F>-1121765852.190365</F>
        <F>36</F>
        <F>36</F>
        <F>134</F>
        <F>135</F>
        <F>142</F>
        <F>142</F>
      </Row>
      <Row index="138">
        <F>-1137700422.866531</F>
        <F>-1129743286.936522</F>
        <F>37</F>
        <F>36</F>
        <F>133</F>
        <F>134</F>
        <F>142</F>
        <F>142</F>
      </Row>
      <Row index="139">
        <F>-1145657558.79654</F>
        <F>-1137700422.866531</F>
        <F>37</F>
        <F>37</F>
        <F>132</F>
        <F>133</F>
        <F>142</F>
        <F>142</F>
      </Row>
      <Row index="140">
        <F>-1153614694.72655</F>
        <F>-1145657558.79654</F>
        <F>37</F>
        <F>37</F>
        <F>131</F>
        <F>132</F>
        <F>142</F>
        <F>142</F>
      </Row>
      <Row index="141">
        <F>-1161571830.656559</F>
        <F>-1153614694.72655</F>
        <F>38</F>
        <F>37</F>
        <F>130</F>
        <F>131</F>
        <F>142</F>
        <F>142</F>
      </Row>
      <Row index="142">
        <F>-1169528966.586568</F>
        <F>-1161571830.656559</F>
        <F>38</F>
        <F>38</F>
        <F>130</F>
        <F>130</F>
        <F>142</F>
        <F>142</F>
      </Row>
      <Row index="143">
        <F>-1177506401.332725</F>
        <F>-1169528966.586568</F>
        <F>38</F>
        <F>38</F>
        <F>129</F>
        <F>130</F>
        <F>142</F>
        <F>142</F>
      </Row>
      <Row index="144">
        <F>-1185463537.262734</F>
        <F>-1177506401.332725</F>
        <F>39</F>
        <F>38</F>
        <F>128</F>
        <F>129</F>
        <F>142</F>
        <F>142</F>
      </Row>
      <Row index="145">
        <F>-1193420673.192744</F>
        <F>-1185463537.262734</F>
        <F>39</F>
        <F>39</F>
        <F>127</F>
        <F>128</F>
        <F>142</F>
        <F>142</F>
      </Row>
      <Row index="146">
        <F>-1201377809.122753</F>
        <F>-1193420673.192744</F>
        <F>39</F>
        <F>39</F>
        <F>126</F>
        <F>127</F>
        <F>142</F>
        <F>142</F>
      </Row>
      <Row index="147">
        <F>-1209334945.052762</F>
        <F>-1201377809.122753</F>
        <F>40</F>
        <F>39</F>
        <F>125</F>
        <F>126</F>
        <F>142</F>
        <F>142</F>
      </Row>
      <Row index="148">
        <F>-1217292080.982771</F>
        <F>-1209334945.052762</F>
        <F>40</F>
        <F>40</F>
        <F>124</F>
        <F>125</F>
        <F>142</F>
        <F>142</F>
      </Row>
      <Row index="149">
        <F>-1225269515.728928</F>
        <F>-1217292080.982771</F>
        <F>41</F>
        <F>40</F>
        <F>123</F>
        <F>124</F>
        <F>142</F>
        <F>142</F>
      </Row>
      <Row index="150">
        <F>-1233226651.658938</F>
        <F>-1225269515.728928</F>
        <F>41</F>
        <F>41</F>
        <F>122</F>
        <F>123</F>
        <F>142</F>
        <F>142</F>
      </Row>
      <Row index="151">
        <F>-1241183787.588947</F>
        <F>-1233226651.658938</F>
        <F>41</F>
        <F>41</F>
        <F>121</F>
        <F>122</F>
        <F>142</F>
        <F>142</F>
      </Row>
      <Row index="152">
        <F>-1249140923.518956</F>
        <F>-1241183787.588947</F>
        <F>42</F>
        <F>41</F>
        <F>120</F>
        <F>121</F>
        <F>142</F>
        <F>142</F>
      </Row>
      <Row index="153">
        <F>-1257098059.448965</F>
        <F>-1249140923.518956</F>
        <F>42</F>
        <F>42</F>
        <F>119</F>
        <F>120</F>
        <F>142</F>
        <F>142</F>
      </Row>
      <Row index="154">
        <F>-1265055195.378974</F>
        <F>-1257098059.448965</F>
        <F>42</F>
        <F>42</F>
        <F>118</F>
        <F>119</F>
        <F>142</F>
        <F>142</F>
      </Row>
      <Row index="155">
        <F>-1273012331.308984</F>
        <F>-1265055195.378974</F>
        <F>43</F>
        <F>42</F>
        <F>117</F>
        <F>118</F>
        <F>142</F>
        <F>142</F>
      </Row>
      <Row index="156">
        <F>-1280989766.055141</F>
        <F>-1273012331.308984</F>
        <F>43</F>
        <F>43</F>
        <F>116</F>
        <F>117</F>
        <F>142</F>
        <F>142</F>
      </Row>
      <Row index="157">
        <F>-1288946901.98515</F>
        <F>-1280989766.055141</F>
        <F>44</F>
        <F>43</F>
        <F>115</F>
        <F>116</F>
        <F>142</F>
        <F>142</F>
      </Row>
      <Row index="158">
        <F>-1296904037.915159</F>
        <F>-1288946901.98515</F>
        <F>44</F>
        <F>44</F>
        <F>114</F>
        <F>115</F>
        <F>142</F>
        <F>142</F>
      </Row>
      <Row index="159">
        <F>-1304861173.845168</F>
        <F>-1296904037.915159</F>
        <F>44</F>
        <F>44</F>
        <F>113</F>
        <F>114</F>
        <F>142</F>
        <F>142</F>
      </Row>
      <Row index="160">
        <F>-1312818309.775178</F>
        <F>-1304861173.845168</F>
        <F>45</F>
        <F>44</F>
        <F>113</F>
        <F>113</F>
        <F>142</F>
        <F>142</F>
      </Row>
      <Row index="161">
        <F>-1320775445.705187</F>
        <F>-1312818309.775178</F>
        <F>45</F>
        <F>45</F>
        <F>112</F>
        <F>113</F>
        <F>142</F>
        <F>142</F>
      </Row>
      <Row index="162">
        <F>-1328752880.451344</F>
        <F>-1320775445.705187</F>
        <F>46</F>
        <F>45</F>
        <F>111</F>
        <F>112</F>
        <F>142</F>
        <F>142</F>
      </Row>
      <Row index="163">
        <F>-1336710016.381353</F>
        <F>-1328752880.451344</F>
        <F>46</F>
        <F>46</F>
        <F>110</F>
        <F>111</F>
        <F>142</F>
        <F>142</F>
      </Row>
      <Row index="164">
        <F>-1344667152.311363</F>
        <F>-1336710016.381353</F>
        <F>46</F>
        <F>46</F>
        <F>109</F>
        <F>110</F>
        <F>142</F>
        <F>142</F>
      </Row>
      <Row index="165">
        <F>-1352624288.241372</F>
        <F>-1344667152.311363</F>
        <F>47</F>
        <F>46</F>
        <F>108</F>
        <F>109</F>
        <F>142</F>
        <F>142</F>
      </Row>
      <Row index="166">
        <F>-1360581424.171381</F>
        <F>-1352624288.241372</F>
        <F>47</F>
        <F>47</F>
        <F>107</F>
        <F>108</F>
        <F>142</F>
        <F>142</F>
      </Row>
      <Row index="167">
        <F>-1368538560.10139</F>
        <F>-1360581424.171381</F>
        <F>48</F>
        <F>47</F>
        <F>106</F>
        <F>107</F>
        <F>142</F>
        <F>142</F>
      </Row>
      <Row index="168">
        <F>-1376515994.847547</F>
        <F>-1368538560.10139</F>
        <F>48</F>
        <F>48</F>
        <F>105</F>
        <F>106</F>
        <F>142</F>
        <F>142</F>
      </Row>
      <Row index="169">
        <F>-1384473130.777556</F>
        <F>-1376515994.847547</F>
        <F>49</F>
        <F>48</F>
        <F>104</F>
        <F>105</F>
        <F>142</F>
        <F>142</F>
      </Row>
      <Row index="170">
        <F>-1392430266.707566</F>
        <F>-1384473130.777556</F>
        <F>49</F>
        <F>49</F>
        <F>103</F>
        <F>104</F>
        <F>142</F>
        <F>142</F>
      </Row>
      <Row index="171">
        <F>-1400387402.637575</F>
        <F>-1392430266.707566</F>
        <F>49</F>
        <F>49</F>
        <F>102</F>
        <F>103</F>
        <F>142</F>
        <F>142</F>
      </Row>
      <Row index="172">
        <F>-1408344538.567584</F>
        <F>-1400387402.637575</F>
        <F>50</F>
        <F>49</F>
        <F>101</F>
        <F>102</F>
        <F>142</F>
        <F>142</F>
      </Row>
      <Row index="173">
        <F>-1416301674.497593</F>
        <F>-1408344538.567584</F>
        <F>50</F>
        <F>50</F>
        <F>100</F>
        <F>101</F>
        <F>142</F>
        <F>142</F>
      </Row>
      <Row index="174">
        <F>-1424258810.427602</F>
        <F>-1416301674.497593</F>
        <F>51</F>
        <F>50</F>
        <F>99</F>
        <F>100</F>
        <F>141</F>
        <F>142</F>
      </Row>
      <Row index="175">
        <F>-1432236245.173759</F>
        <F>-1424258810.427602</F>
        <F>51</F>
        <F>51</F>
        <F>98</F>
        <F>99</F>
        <F>141</F>
        <F>141</F>
      </Row>
      <Row index="176">
        <F>-1440193381.103769</F>
        <F>-1432236245.173759</F>
        <F>52</F>
        <F>51</F>
        <F>97</F>
        <F>98</F>
        <F>141</F>
        <F>141</F>
      </Row>
      <Row index="177">
        <F>-1448150517.033778</F>
        <F>-1440193381.103769</F>
        <F>52</F>
        <F>52</F>
        <F>96</F>
        <F>97</F>
        <F>141</F>
        <F>141</F>
      </Row>
      <Row index="178">
        <F>-1456107652.963787</F>
        <F>-1448150517.033778</F>
        <F>53</F>
        <F>52</F>
        <F>95</F>
        <F>96</F>
        <F>141</F>
        <F>141</F>
      </Row>
      <Row index="179">
        <F>-1464064788.893796</F>
        <F>-1456107652.963787</F>
        <F>53</F>
        <F>53</F>
        <F>94</F>
        <F>95</F>
        <F>141</F>
        <F>141</F>
      </Row>
      <Row index="180">
        <F>-1472021924.823806</F>
        <F>-1464064788.893796</F>
        <F>54</F>
        <F>53</F>
        <F>93</F>
        <F>94</F>
        <F>141</F>
        <F>141</F>
      </Row>
      <Row index="181">
        <F>-1479999359.569963</F>
        <F>-1472021924.823806</F>
        <F>54</F>
        <F>54</F>
        <F>92</F>
        <F>93</F>
        <F>141</F>
        <F>141</F>
      </Row>
      <Row index="182">
        <F>-1487956495.499972</F>
        <F>-1479999359.569963</F>
        <F>55</F>
        <F>54</F>
        <F>91</F>
        <F>92</F>
        <F>141</F>
        <F>141</F>
      </Row>
      <Row index="183">
        <F>-1495913631.429981</F>
        <F>-1487956495.499972</F>
        <F>55</F>
        <F>55</F>
        <F>90</F>
        <F>91</F>
        <F>140</F>
        <F>141</F>
      </Row>
      <Row index="184">
        <F>-1503870767.35999</F>
        <F>-1495913631.429981</F>
        <F>56</F>
        <F>55</F>
        <F>89</F>
        <F>90</F>
        <F>140</F>
        <F>140</F>
      </Row>
      <Row index="185">
        <F>-1511827903.289999</F>
        <F>-1503870767.35999</F>
        <F>56</F>
        <F>56</F>
        <F>88</F>
        <F>89</F>
        <F>140</F>
        <F>140</F>
      </Row>
      <Row index="186">
        <F>-1519785039.220009</F>
        <F>-1511827903.289999</F>
        <F>57</F>
        <F>56</F>
        <F>86</F>
        <F>88</F>
        <F>140</F>
        <F>140</F>
      </Row>
      <Row index="187">
        <F>-1527742175.150018</F>
        <F>-1519785039.220009</F>
        <F>57</F>
        <F>57</F>
        <F>85</F>
        <F>86</F>
        <F>140</F>
        <F>140</F>
      </Row>
      <Row index="188">
        <F>-1535719609.896175</F>
        <F>-1527742175.150018</F>
        <F>58</F>
        <F>57</F>
        <F>84</F>
        <F>85</F>
        <F>140</F>
        <F>140</F>
      </Row>
      <Row index="189">
        <F>-1543676745.826184</F>
        <F>-1535719609.896175</F>
        <F>58</F>
        <F>58</F>
        <F>83</F>
        <F>84</F>
        <F>139</F>
        <F>140</F>
      </Row>
      <Row index="190">
        <F>-1551633881.756193</F>
        <F>-1543676745.826184</F>
        <F>59</F>
        <F>58</F>
        <F>82</F>
        <F>83</F>
        <F>139</F>
        <F>139</F>
      </Row>
      <Row index="191">
        <F>-1559591017.686203</F>
        <F>-1551633881.756193</F>
        <F>59</F>
        <F>59</F>
        <F>81</F>
        <F>82</F>
        <F>139</F>
        <F>139</F>
      </Row>
      <Row index="192">
        <F>-1567548153.616212</F>
        <F>-1559591017.686203</F>
        <F>60</F>
        <F>59</F>
        <F>80</F>
        <F>81</F>
        <F>139</F>
        <F>139</F>
      </Row>
      <Row index="193">
        <F>-1575505289.546221</F>
        <F>-1567548153.616212</F>
        <F>60</F>
        <F>60</F>
        <F>79</F>
        <F>80</F>
        <F>138</F>
        <F>139</F>
      </Row>
      <Row index="194">
        <F>-1583482724.292378</F>
        <F>-1575505289.546221</F>
        <F>61</F>
        <F>60</F>
        <F>78</F>
        <F>79</F>
        <F>138</F>
        <F>138</F>
      </Row>
      <Row index="195">
        <F>-1591439860.222387</F>
        <F>-1583482724.292378</F>
        <F>61</F>
        <F>61</F>
        <F>77</F>
        <F>78</F>
        <F>138</F>
        <F>138</F>
      </Row>
      <Row index="196">
        <F>-1599396996.152397</F>
        <F>-1591439860.222387</F>
        <F>62</F>
        <F>61</F>
        <F>76</F>
        <F>77</F>
        <F>138</F>
        <F>138</F>
      </Row>
      <Row index="197">
        <F>-1607354132.082406</F>
        <F>-1599396996.152397</F>
        <F>62</F>
        <F>62</F>
        <F>74</F>
        <F>76</F>
        <F>137</F>
        <F>138</F>
      </Row>
      <Row index="198">
        <F>-1615311268.012415</F>
        <F>-1607354132.082406</F>
        <F>62</F>
        <F>62</F>
        <F>73</F>
        <F>74</F>
        <F>137</F>
        <F>137</F>
      </Row>
      <Row index="199">
        <F>-1623268403.942424</F>
        <F>-1615311268.012415</F>
        <F>63</F>
        <F>62</F>
        <F>72</F>
        <F>73</F>
        <F>137</F>
        <F>137</F>
      </Row>
      <Row index="200">
        <F>-1631245838.688581</F>
        <F>-1623268403.942424</F>
        <F>63</F>
        <F>63</F>
        <F>71</F>
        <F>72</F>
        <F>136</F>
        <F>137</F>
      </Row>
      <Row index="201">
        <F>-1639202974.618591</F>
        <F>-1631245838.688581</F>
        <F>64</F>
        <F>63</F>
        <F>70</F>
        <F>71</F>
        <F>136</F>
        <F>136</F>
      </Row>
      <Row index="202">
        <F>-1647160110.5486</F>
        <F>-1639202974.618591</F>
        <F>64</F>
        <F>64</F>
        <F>69</F>
        <F>70</F>
        <F>136</F>
        <F>136</F>
      </Row>
      <Row index="203">
        <F>-1655117246.478609</F>
        <F>-1647160110.5486</F>
        <F>65</F>
        <F>64</F>
        <F>68</F>
        <F>69</F>
        <F>135</F>
        <F>136</F>
      </Row>
      <Row index="204">
        <F>-1663074382.408618</F>
        <F>-1655117246.478609</F>
        <F>65</F>
        <F>65</F>
        <F>66</F>
        <F>68</F>
        <F>135</F>
        <F>135</F>
      </Row>
      <Row index="205">
        <F>-1671031518.338627</F>
        <F>-1663074382.408618</F>
        <F>66</F>
        <F>65</F>
        <F>65</F>
        <F>66</F>
        <F>134</F>
        <F>135</F>
      </Row>
      <Row index="206">
        <F>-1678988654.268636</F>
        <F>-1671031518.338627</F>
        <F>66</F>
        <F>66</F>
        <F>64</F>
        <F>65</F>
        <F>134</F>
        <F>134</F>
      </Row>
      <Row index="207">
        <F>-1686966089.014794</F>
        <F>-1678988654.268636</F>
        <F>66</F>
        <F>66</F>
        <F>63</F>
        <F>64</F>
        <F>133</F>
        <F>134</F>
      </Row>
      <Row index="208">
        <F>-1694923224.944803</F>
        <F>-1686966089.014794</F>
        <F>67</F>
        <F>66</F>
        <F>62</F>
        <F>63</F>
        <F>133</F>
        <F>133</F>
      </Row>
      <Row index="209">
        <F>-1702880360.874812</F>
        <F>-1694923224.944803</F>
        <F>67</F>
        <F>67</F>
        <F>61</F>
        <F>62</F>
        <F>132</F>
        <F>133</F>
      </Row>
      <Row index="210">
        <F>-1710837496.804821</F>
        <F>-1702880360.874812</F>
        <F>68</F>
        <F>67</F>
        <F>59</F>
        <F>61</F>
        <F>132</F>
        <F>132</F>
      </Row>
      <Row index="211">
        <F>-1718794632.734831</F>
        <F>-1710837496.804821</F>
        <F>68</F>
        <F>68</F>
        <F>58</F>
        <F>59</F>
        <F>131</F>
        <F>132</F>
      </Row>
      <Row index="212">
        <F>-1726751768.66484</F>
        <F>-1718794632.734831</F>
        <F>68</F>
        <F>68</F>
        <F>57</F>
        <F>58</F>
        <F>131</F>
        <F>131</F>
      </Row>
      <Row index="213">
        <F>-1734729203.410997</F>
        <F>-1726751768.66484</F>
        <F>69</F>
        <F>68</F>
        <F>56</F>
        <F>57</F>
        <F>130</F>
        <F>131</F>
      </Row>
      <Row index="214">
        <F>-1742686339.341006</F>
        <F>-1734729203.410997</F>
        <F>69</F>
        <F>69</F>
        <F>55</F>
        <F>56</F>
        <F>129</F>
        <F>130</F>
      </Row>
      <Row index="215">
        <F>-1750643475.271015</F>
        <F>-1742686339.341006</F>
        <F>69</F>
        <F>69</F>
        <F>53</F>
        <F>55</F>
        <F>129</F>
        <F>129</F>
      </Row>
      <Row index="216">
        <F>-1758600611.201025</F>
        <F>-1750643475.271015</F>
        <F>70</F>
        <F>69</F>
        <F>52</F>
        <F>53</F>
        <F>128</F>
        <F>129</F>
      </Row>
      <Row index="217">
        <F>-1766557747.131034</F>
        <F>-1758600611.201025</F>
        <F>70</F>
        <F>70</F>
        <F>51</F>
        <F>52</F>
        <F>127</F>
        <F>128</F>
      </Row>
      <Row index="218">
        <F>-1774514883.061043</F>
        <F>-1766557747.131034</F>
        <F>70</F>
        <F>70</F>
        <F>50</F>
        <F>51</F>
        <F>126</F>
        <F>127</F>
      </Row>
      <Row index="219">
        <F>-1782492317.8072</F>
        <F>-1774514883.061043</F>
        <F>70</F>
        <F>70</F>
        <F>48</F>
        <F>50</F>
        <F>126</F>
        <F>126</F>
      </Row>
      <Row index="220">
        <F>-1790449453.737209</F>
        <F>-1782492317.8072</F>
        <F>71</F>
        <F>70</F>
        <F>47</F>
        <F>48</F>
        <F>125</F>
        <F>126</F>
      </Row>
      <Row index="221">
        <F>-1798406589.667218</F>
        <F>-1790449453.737209</F>
        <F>71</F>
        <F>71</F>
        <F>46</F>
        <F>47</F>
        <F>124</F>
        <F>125</F>
      </Row>
      <Row index="222">
        <F>-1806363725.597228</F>
        <F>-1798406589.667218</F>
        <F>71</F>
        <F>71</F>
        <F>45</F>
        <F>46</F>
        <F>123</F>
        <F>124</F>
      </Row>
      <Row index="223">
        <F>-1814320861.527237</F>
        <F>-1806363725.597228</F>
        <F>71</F>
        <F>71</F>
        <F>44</F>
        <F>45</F>
        <F>122</F>
        <F>123</F>
      </Row>
      <Row index="224">
        <F>-1822277997.457246</F>
        <F>-1814320861.527237</F>
        <F>71</F>
        <F>71</F>
        <F>42</F>
        <F>44</F>
        <F>122</F>
        <F>122</F>
      </Row>
      <Row index="225">
        <F>-1830235133.387255</F>
        <F>-1822277997.457246</F>
        <F>72</F>
        <F>71</F>
        <F>41</F>
        <F>42</F>
        <F>121</F>
        <F>122</F>
      </Row>
      <Row index="226">
        <F>-1838212568.133413</F>
        <F>-1830235133.387255</F>
        <F>72</F>
        <F>72</F>
        <F>40</F>
        <F>41</F>
        <F>120</F>
        <F>121</F>
      </Row>
      <Row index="227">
        <F>-1846169704.063422</F>
        <F>-1838212568.133413</F>
        <F>72</F>
        <F>72</F>
        <F>38</F>
        <F>40</F>
        <F>119</F>
        <F>120</F>
      </Row>
      <Row index="228">
        <F>-1854126839.993431</F>
        <F>-1846169704.063422</F>
        <F>72</F>
        <F>72</F>
        <F>37</F>
        <F>38</F>
        <F>118</F>
        <F>119</F>
      </Row>
      <Row index="229">
        <F>-1862083975.92344</F>
        <F>-1854126839.993431</F>
        <F>72</F>
        <F>72</F>
        <F>36</F>
        <F>37</F>
        <F>117</F>
        <F>118</F>
      </Row>
      <Row index="230">
        <F>-1870041111.853449</F>
        <F>-1862083975.92344</F>
        <F>72</F>
        <F>72</F>
        <F>35</F>
        <F>36</F>
        <F>116</F>
        <F>117</F>
      </Row>
      <Row index="231">
        <F>-1877998247.783458</F>
        <F>-1870041111.853449</F>
        <F>72</F>
        <F>72</F>
        <F>33</F>
        <F>35</F>
        <F>115</F>
        <F>116</F>
      </Row>
      <Row index="232">
        <F>-1885975682.529616</F>
        <F>-1877998247.783458</F>
        <F>72</F>
        <F>72</F>
        <F>32</F>
        <F>33</F>
        <F>113</F>
        <F>115</F>
      </Row>
      <Row index="233">
        <F>-1893932818.459625</F>
        <F>-1885975682.529616</F>
        <F>72</F>
        <F>72</F>
        <F>31</F>
        <F>32</F>
        <F>112</F>
        <F>113</F>
      </Row>
      <Row index="234">
        <F>-1901889954.389634</F>
        <F>-1893932818.459625</F>
        <F>72</F>
        <F>72</F>
        <F>29</F>
        <F>31</F>
        <F>111</F>
        <F>112</F>
      </Row>
      <Row index="235">
        <F>-1909847090.319643</F>
        <F>-1901889954.389634</F>
        <F>72</F>
        <F>72</F>
        <F>28</F>
        <F>29</F>
        <F>110</F>
        <F>111</F>
      </Row>
      <Row index="236">
        <F>-1917804226.249652</F>
        <F>-1909847090.319643</F>
        <F>72</F>
        <F>72</F>
        <F>27</F>
        <F>28</F>
        <F>109</F>
        <F>110</F>
      </Row>
      <Row index="237">
        <F>-1925761362.179662</F>
        <F>-1917804226.249652</F>
        <F>72</F>
        <F>72</F>
        <F>26</F>
        <F>27</F>
        <F>108</F>
        <F>109</F>
      </Row>
      <Row index="238">
        <F>-1933718498.109671</F>
        <F>-1925761362.179662</F>
        <F>72</F>
        <F>72</F>
        <F>24</F>
        <F>26</F>
        <F>106</F>
        <F>108</F>
      </Row>
      <Row index="239">
        <F>-1941695932.855828</F>
        <F>-1933718498.109671</F>
        <F>72</F>
        <F>72</F>
        <F>23</F>
        <F>24</F>
        <F>105</F>
        <F>106</F>
      </Row>
      <Row index="240">
        <F>-1949653068.785837</F>
        <F>-1941695932.855828</F>
        <F>72</F>
        <F>72</F>
        <F>22</F>
        <F>23</F>
        <F>104</F>
        <F>105</F>
      </Row>
      <Row index="241">
        <F>-1957610204.715847</F>
        <F>-1949653068.785837</F>
        <F>72</F>
        <F>72</F>
        <F>20</F>
        <F>22</F>
        <F>103</F>
        <F>104</F>
      </Row>
      <Row index="242">
        <F>-1965567340.645856</F>
        <F>-1957610204.715847</F>
        <F>71</F>
        <F>72</F>
        <F>19</F>
        <F>20</F>
        <F>101</F>
        <F>103</F>
      </Row>
      <Row index="243">
        <F>-1973524476.575865</F>
        <F>-1965567340.645856</F>
        <F>71</F>
        <F>71</F>
        <F>17</F>
        <F>19</F>
        <F>100</F>
        <F>101</F>
      </Row>
      <Row index="244">
        <F>-1981481612.505874</F>
        <F>-1973524476.575865</F>
        <F>71</F>
        <F>71</F>
        <F>16</F>
        <F>17</F>
        <F>99</F>
        <F>100</F>
      </Row>
      <Row index="245">
        <F>-1989459047.252031</F>
        <F>-1981481612.505874</F>
        <F>71</F>
        <F>71</F>
        <F>14</F>
        <F>16</F>
        <F>97</F>
        <F>99</F>
      </Row>
      <Row index="246">
        <F>-1997416183.18204</F>
        <F>-1989459047.252031</F>
        <F>71</F>
        <F>71</F>
        <F>13</F>
        <F>14</F>
        <F>96</F>
        <F>97</F>
      </Row>
      <Row index="247">
        <F>-2005373319.11205</F>
        <F>-1997416183.18204</F>
        <F>70</F>
        <F>71</F>
        <F>11</F>
        <F>13</F>
        <F>94</F>
        <F>96</F>
      </Row>
      <Row index="248">
        <F>-2013330455.042059</F>
        <F>-2005373319.11205</F>
        <F>70</F>
        <F>70</F>
        <F>10</F>
        <F>11</F>
        <F>93</F>
        <F>94</F>
      </Row>
      <Row index="249">
        <F>-2021287590.972068</F>
        <F>-2013330455.042059</F>
        <F>70</F>
        <F>70</F>
        <F>8</F>
        <F>10</F>
        <F>92</F>
        <F>93</F>
      </Row>
      <Row index="250">
        <F>-2029244726.902077</F>
        <F>-2021287590.972068</F>
        <F>70</F>
        <F>70</F>
        <F>7</F>
        <F>8</F>
        <F>90</F>
        <F>92</F>
      </Row>
      <Row index="251">
        <F>-2037222161.648234</F>
        <F>-2029244726.902077</F>
        <F>69</F>
        <F>70</F>
        <F>5</F>
        <F>7</F>
        <F>89</F>
        <F>90</F>
      </Row>
      <Row index="252">
        <F>-2045179297.578243</F>
        <F>-2037222161.648234</F>
        <F>69</F>
        <F>69</F>
        <F>4</F>
        <F>5</F>
        <F>87</F>
        <F>89</F>
      </Row>
      <Row index="253">
        <F>-2053136433.508253</F>
        <F>-2045179297.578243</F>
        <F>68</F>
        <F>69</F>
        <F>2</F>
        <F>4</F>
        <F>86</F>
        <F>87</F>
      </Row>
      <Row index="254">
        <F>-2061093569.438262</F>
        <F>-2053136433.508253</F>
        <F>68</F>
        <F>68</F>
        <F>1</F>
        <F>2</F>
        <F>84</F>
        <F>86</F>
      </Row>
    </GDALRasterAttributeTable>
  </PAMRasterBand>
</PAMDataset>
